{
  "binary": {
    "0": 21.19830088468249,
    "1": 0.5120782861063252
  },
  "family": {
    "0": 934.0086734693878,
    "1": 2.826440117957665,
    "2": 550.5735338345864,
    "3": 590.5345161290322,
    "4": 0.09156718769538577,
    "5": 17.258951635712265,
    "6": 237.59338092147956,
    "7": 0.38513552746734886,
    "8": 10.081820685097478,
    "9": 1.1819535910746106,
    "10": 9.836688965906344,
    "11": 620.5616949152543,
    "12": 2615.2242857142855,
    "13": 83.28739763421292,
    "14": 884.3753623188405
  }
}